<!--  
这个为菜单列表，注意编辑的格式!例如：
<phone id="手机概览,overview">手机外观</phone>
1、手机概览：一级标题名称
2、overview：这个为assets下的各个模块文件夹的名称，记住这个值一定要与文件夹的名称对应，不然链接会出错
3、手机外观：二级标题名称
4、手机概览与overview之间的逗号为英文状态下的，请注意
5、各个模块文件夹的html文件一定要按照顺序来命名，即XXX_1到XXX_n来命名，中间不能有断续
-->
<phones>
<phone id="Tổng quan và hướng dẫn bắt đầu nhanh,overview">Giới thiệu về hình dáng bên ngoài của điện thoại</phone>
<phone id="Tổng quan và hướng dẫn bắt đầu nhanh,overview">Cài đặt và chuẩn bị</phone>
<phone id="Tổng quan và hướng dẫn bắt đầu nhanh,overview">Cử chỉ thao tác cơ bản</phone>
<phone id="Tổng quan và hướng dẫn bắt đầu nhanh,overview">Khóa màn hình và mở khóa</phone>
<phone id="Tổng quan và hướng dẫn bắt đầu nhanh,overview">Các biểu tượng và thông báo của thanh trạng thái</phone>
<phone id="Tổng quan và hướng dẫn bắt đầu nhanh,overview">Giới thiệu về Trung tâm điều khiển trượt lên</phone>
<phone id="Tổng quan và hướng dẫn bắt đầu nhanh,overview">Khay nhớ tạm</phone>

<phone id="Trình khởi tạo và i Theme,desktop">Sửa màn hình chính</phone>
<phone id="Trình khởi tạo và i Theme,desktop">i Theme</phone>

<phone id="Cài đặt,settings">Chế độ trên máy bay</phone>
<phone id="Cài đặt,settings">Wi-Fi</phone>
<phone id="Cài đặt,settings">Điểm phát sóng cá nhân</phone>
<phone id="Cài đặt,settings">Mạng di động</phone>
<phone id="Cài đặt,settings">Âm thanh và rung</phone>
<phone id="Cài đặt,settings">Hiển thị và Độ sáng</phone>
<phone id="Cài đặt,settings">Thanh trạng thái và thông báo</phone>
<phone id="Cài đặt,settings">Ko làm phiền</phone>
<phone id="Cài đặt,settings">Jovi</phone>
<phone id="Cài đặt,settings">Màn hình khóa, màn hình chính và hình nền</phone>
<phone id="Cài đặt,settings">Bản cập nhật hệ thống</phone>
<phone id="Cài đặt,settings">Dấu vân tay, khuôn mặt và mật khẩu</phone>
<phone id="Cài đặt,settings">Pin</phone>
<phone id="Cài đặt,settings">Bảo mật và quyền riêng tư</phone>
<phone id="Cài đặt,settings">Tài khoản và đồng bộ hóạ</phone>
<phone id="Cài đặt,settings">Vị trí</phone>
<phone id="Cài đặt,settings">Ngôn ngữ và phương thức nhập</phone>
<phone id="Cài đặt,settings">RAM và không gian lưu trữ</phone>
<phone id="Cài đặt,settings">Giới thiệu về điện thoại</phone>
<phone id="Cài đặt,settings">Tìm kiếm toàn bộ</phone>
<phone id="Cài đặt,settings">Bluetooth</phone>
<phone id="Cài đặt,settings">VPN</phone>
<phone id="Cài đặt,settings">OTG</phone>
<phone id="Cài đặt,settings">Ứng dụng gần đây</phone>
<phone id="Cài đặt,settings">Trung tâm điều khiển</phone>
<phone id="Cài đặt,settings">Điều hướng hệ thống</phone>
<phone id="Cài đặt,settings">Easy Touch</phone>
<phone id="Cài đặt,settings">Ngày và giờ</phone>
<phone id="Cài đặt,settings">Tác vụ theo lịch</phone>
<phone id="Cài đặt,settings">Trình quản lý ứng dụng</phone>
<phone id="Cài đặt,settings">Sao lưu và đặt lại</phone>
<phone id="Cài đặt,settings">Dịch vụ hậu mãi</phone>
<phone id="Cài đặt,settings">Thẻ bảo hành điện tử</phone>
<phone id="Cài đặt,settings">Quản lý tải xuống</phone>
<phone id="Cài đặt,settings">Kiểm soát chuyển động thông minh</phone>
<phone id="Cài đặt,settings">Chia màn hình thông minh</phone>
<phone id="Cài đặt,settings">Một tay</phone>
<phone id="Cài đặt,settings">Nhân bản ứng dụng</phone>
<phone id="Cài đặt,settings">Khởi chạy nhanh</phone>
<phone id="Cài đặt,settings">Tùy chọn nhà phát triển</phone>

<phone id="Điện thoại và danh bạ,contact">Đang gọi</phone>
<phone id="Điện thoại và danh bạ,contact">Cài đặt cuộc gọi</phone>
<phone id="Điện thoại và danh bạ,contact">Danh bạ</phone>
<phone id="Điện thoại và danh bạ,contact">Các thao tác khác</phone>
<phone id="Điện thoại và danh bạ,contact">Cài đặt liên hệ</phone>

<phone id="Tin nhắn và email,message">Tin nhắn</phone>
<phone id="Tin nhắn và email,message">Email</phone>

<phone id="Công cụ,tools">Máy tính</phone>
<phone id="Công cụ,tools">Ghi chú</phone>
<phone id="Công cụ,tools">Ghi âm</phone>
<phone id="Công cụ,tools">Radio</phone>
<phone id="Công cụ,tools">La bàn</phone>

<phone id="Đa phương tiện,multimedia">i Music</phone>
<phone id="Đa phương tiện,multimedia">Cài đặt nhạc</phone>
<phone id="Đa phương tiện,multimedia">Video</phone>
<phone id="Đa phương tiện,multimedia">Camera</phone>
<phone id="Đa phương tiện,multimedia">Album</phone>
<phone id="Đa phương tiện,multimedia">Trình quản lý tệp</phone>

<phone id="Ứng dụng mạng,network">Trình duyệt</phone>
<phone id="Ứng dụng mạng,network">vivoCloud</phone>

<phone id="Các ứng dụng khác,more">i Manager</phone>
<phone id="Các ứng dụng khác,more">Đồng hồ</phone>
<phone id="Các ứng dụng khác,more">Lịch</phone>
<phone id="Các ứng dụng khác,more">Cách chụp ảnh màn hình</phone>
<phone id="Các ứng dụng khác,more">Giới thiệu về kết nối USB</phone>
<phone id="Các ứng dụng khác,more">Thời tiết</phone>

<phone id="Bảo trì và bảo dưỡng,maintain">Giới thiệu về bảo trì</phone>
<phone id="Bảo trì và bảo dưỡng,maintain">Điện thoại và phụ kiện</phone>
<phone id="Bảo trì và bảo dưỡng,maintain">Trợ giúp</phone>
<phone id="Bảo trì và bảo dưỡng,maintain">Các định dạng tệp được hỗ trợ</phone>

<!--
我是跳转配置分割线，以前的内容往上面添加，下面写跳转目录配置。
格式：<skip id="visitmode">设置,访客模式</skip>
visitmode：跳转名称，与说明书开发约定一致即可
设置,访客模式：访客模式的说明书路径
-->
<skip id="visitmode">Cài đặt,Chế độ khách truy cập</skip>
<skip id="usbhelp">Các ứng dụng khác,Giới thiệu về kết nối USB</skip>
<skip id="usbdebug">Cài đặt,Tùy chọn nhà phát triển</skip>
<skip id="appclone">Cài đặt,Nhân bản ứng dụng</skip>
</phones>
